{"b1": 0.5323498012922184, "b7": 0.5321075194451055, "b6": 0.5339700738068848, "b8": 0.5329605207351665}