Genome,X,Y,Cluster
Sflexneri_5_8401,0.10330741235602435,0.06348316699817441,3
Ecoli_APEC_O1,0.01640092410052079,-0.06238831253139497,1
Ecoli_JJ1886,0.007504739921143359,-0.062189073850424485,1
Sboydii_Sb227,-0.03517643012994301,0.009753113654548532,2
Ecoli_UMN026,-0.09203664624774549,0.05134110572909646,2
