Genome,X,Y,Cluster
b7,-0.051721653526342434,-0.0059746615173328676,2
b6,0.03582984692413741,0.046671880910831055,1
b1,-0.04977609036597791,-0.005987623126613171,2
b8,0.065667896968183,-0.0347095962668849,3
