Genome,Genome BUSCO completeness score
b7,99.32432432432432
b8,98.64864864864865
b1,99.32432432432432
b6,99.32432432432432
