{"Chlamydia_avium_10DC88": 37.477164682501964, "Chlamydia_abortus_strain_GIMC_2006CabB577": 40.50387596899225, "Chlamydia_abortus_strain_1B_cevac": 40.49708490661574, "Chlamydia_abortus_strain_NL2354-2D": 40.55540290835408, "Chlamydia_abortus_strain_162STDY5437294": 40.49780061549975, "Chlamydia_abortus_strain_NL2335-4C": 40.55358711981632, "Chlamydia_muridarum_str._Nigg_isolate_CM009": 40.73241822267418, "Chlamydia_buteonis_strain_IDL17-4553": 38.98536480385686, "Chlamydia_caviae_GPIC": 39.868921206850956, "Chlamydia_crocodili_strain_No._12": 38.10330259162769, "Chlamydia_felis_FeC-56": 39.982175396370366, "Chlamydia_poikilotherma_strain_S15-834K": 38.137276813429686, "Chlamydia_pecorum_E58": 41.701290138844996, "Chlamydia_muridarum_str._Nigg_isolate_CM001": 40.7278539462999, "Chlamydia_muridarum_str._Nigg_isolate_CM021": 40.731930428821286, "Chlamydia_psittaci_01DC11": 39.68312620230956, "Chlamydia_psittaci_6BC": 39.69185764691294, "Chlamydia_muridarum_str._Nigg": 40.73101023900631, "Chlamydia_muridarum_str._Nigg_isolate_CM008": 40.730787903901636, "Chlamydia_psittaci_strain_GIMC_2003Cps25SM": 39.68894405535748, "Chlamydia_gallinacea_08-12743": 38.466368416921746, "Chlamydia_psittaci_strain_GIMC_2004CpsAP23": 39.68230246121599, "Chlamydia_psittaci_strain_Ful127": 39.68677801229869, "Chlamydia_psittaci_strain_AMK": 39.75032250170764, "Chlamydia_psittaci_MN": 39.68773425366369, "Chlamydia_psittaci_strain_NRM_isolate_NRM_5": 39.6849265413849, "Chlamydia_psittaci_strain_GIMC_2005CpsCP1": 39.68013130917162, "Chlamydia_trachomatis_EBour": 41.666932501377026, "Chlamydia_trachomatis_L1115": 41.67888010519058, "Chlamydia_trachomatis_strain_E-32931": 41.65340249725733, "Chlamydia_trachomatis_L2b820007": 41.675536689835596, "Chlamydia_psittaci_WSRTE30": 39.6877352272417, "Chlamydia_serpentis_strain_H15-1957-10C": 38.25344593634456, "Chlamydia_suis_isolate_4-29b": 42.65219500363813, "Chlamydia_trachomatis_A2497": 41.658533473670786, "Chlamydia_trachomatis_L2bUCH-2": 41.675322954337545, "Chlamydia_trachomatis_strain_tet9": 41.85956911960689, "Chlamydia_trachomatis_strain_QH111L": 41.66416095202069, "Chlamydophila_parapsittaci_strain_Rostinovo-70": 39.75639264454245, "Chlamydia_trachomatis_RC-L255": 41.681923554176116}