{"Sboydii_Sb227": 52.23643313557783, "Ecoli_APEC_O1": 51.600879015602615, "Ecoli_UMN026": 51.75398114345078, "Ecoli_JJ1886": 51.821580660892884, "Sflexneri_5_8401": 51.970786692609686}