Genome,X,Y,Cluster
Sflexneri_5_8401,0.10330741235602435,0.06348316699817458,3
Sboydii_Sb227,-0.035176430129943016,0.009753113654548503,1
Ecoli_JJ1886,0.00750473992114343,-0.0621890738504245,2
Ecoli_APEC_O1,0.016400924100520874,-0.06238831253139499,2
Ecoli_UMN026,-0.09203664624774556,0.051341105729096476,1
