Genome,X,Y,Cluster
Sflexneri_5_8401,0.1033074123560244,0.06348316699817441,3
Sboydii_Sb227,-0.03517643012994298,0.009753113654548524,1
Ecoli_UMN026,-0.09203664624774548,0.051341105729096496,1
Ecoli_JJ1886,0.007504739921143397,-0.06218907385042451,2
Ecoli_APEC_O1,0.01640092410052085,-0.062388312531395,2
